{"id": "沃格雷夫", "group": 2},
{"id": "克莱索恩", "group": 2},
{"id": "隆巴德", "group": 2},
{"id": "布伦特", "group": 2},
{"id": "麦克阿瑟", "group": 2},
{"id": "阿姆斯特朗", "group": 2},
{"id": "马斯顿", "group": 2},
{"id": "布洛尔", "group": 2},
{"id": "罗杰斯", "group": 2},
{"id": "罗杰斯太太", "group": 2},
{"id": "沃格雷夫", "group": 2},
{"id": "克莱索恩", "group": 2},
{"id": "隆巴德", "group": 2},
{"id": "布伦特", "group": 2},
{"id": "麦克阿瑟", "group": 2},
{"id": "阿姆斯特朗", "group": 2},
{"id": "马斯顿", "group": 2},
{"id": "布洛尔", "group": 2},
{"id": "罗杰斯", "group": 2},
{"id": "罗杰斯太太", "group": 2},
