{"id": "笹垣", "group": 2},
{"id": "中冢", "group": 2},
{"id": "古贺", "group": 2},
{"id": "洋介", "group": 2},
{"id": "弥生子", "group": 2},
{"id": "松浦", "group": 2},
{"id": "亮司", "group": 2},
{"id": "文代", "group": 2},
{"id": "雪穗", "group": 2},
{"id": "淳子", "group": 2},
{"id": "寺崎", "group": 2},
{"id": "田川", "group": 2},
{"id": "菊池", "group": 2},
{"id": "江利子", "group": 2},
{"id": "牟田", "group": 2},
{"id": "藤村", "group": 2},
{"id": "礼子", "group": 2},
{"id": "园村", "group": 2},
{"id": "夕子", "group": 2},
{"id": "奈美江", "group": 2},
{"id": "正晴", "group": 2},
{"id": "一成", "group": 2},
{"id": "香苗", "group": 2},
{"id": "高宫", "group": 2},
{"id": "千都留", "group": 2},
{"id": "弘惠", "group": 2},
{"id": "夏美", "group": 2},
{"id": "今枝", "group": 2},
{"id": "康晴", "group": 2},
{"id": "绘里", "group": 2},
{"id": "邦子", "group": 2},
{"id": "典子", "group": 2},
{"id": "藤井", "group": 2},
{"id": "美佳", "group": 2},
{"id": "笹垣", "group": 2},
{"id": "中冢", "group": 2},
{"id": "古贺", "group": 2},
{"id": "洋介", "group": 2},
{"id": "弥生子", "group": 2},
{"id": "松浦", "group": 2},
{"id": "亮司", "group": 2},
{"id": "文代", "group": 2},
{"id": "雪穗", "group": 2},
{"id": "寺崎", "group": 2},
{"id": "田川", "group": 2},
{"id": "菊池", "group": 2},
{"id": "江利子", "group": 2},
{"id": "牟田", "group": 2},
{"id": "藤村", "group": 2},
{"id": "礼子", "group": 2},
{"id": "园村", "group": 2},
{"id": "夕子", "group": 2},
{"id": "奈美江", "group": 2},
{"id": "正晴", "group": 2},
{"id": "一成", "group": 2},
{"id": "香苗", "group": 2},
{"id": "高宫", "group": 2},
{"id": "千都留", "group": 2},
{"id": "弘惠", "group": 2},
{"id": "夏美", "group": 2},
{"id": "今枝", "group": 2},
{"id": "康晴", "group": 2},
{"id": "绘里", "group": 2},
{"id": "邦子", "group": 2},
{"id": "典子", "group": 2},
{"id": "美佳", "group": 2},
